A Classic Education - NightOwl;Singer/Songwriter;171,44
Actions - Devil's Words;Pop/Rock;196,81
Actions - One Minute Smile;Pop/Rock;163,57
Actions - South Of The Water;Pop/Rock;176,80
Aimee Norwich - Child;Singer/Songwriter;189,27
Al James - Schoolboy Facination;Pop/Rock;200,53
Alexander Ross - Goodbye Bolero;Singer/Songwriter;418,82
Alexander Ross - Velvet Curtain;Singer/Songwriter;514,49
AM Contra - Heart Peripheral;Pop/Rock;210,11
Angela Thomas Wade - Milk Cow Blues;Country;211,09
Angels In Amplifiers - I'm Alright;Rock;179,59
ANiMAL - Clinic A;Rap;238,05
ANiMAL - Easy Tiger;Rap;205,66
ANiMAL - Rockshow;Rap;165,70
Arise - Run Run Run;Reggae;219,39
Atlantis Bound - It Was My Fault For Waiting;Pop/Rock;268,24
Auctioneer - Our Future Faces;Singer/Songwriter;207,88
AvaLuna - Waterduct;Rock;259,31
Ben Carrigan - We'll Talk About It All Tonight;Pop/Rock;254,91
BigTroubles - Phantom;Rock;146,94
Bill Chudziak - Children Of No-one;Pop/Rock;230,93
BKS - Bulldozer;Pop/Rock;337,04
BKS - Too Much;Pop/Rock;220,12
Black Bloc - If You Want Success;Pop/Rock;398,73
Bobby Nobody - Stitch Up;Pop/Rock;221,25
Buitraker - Revo X;Pop/Rock;275,83
Carlos Gonzalez - A Place For Us;Pop/Rock;250,22
Celestial Shore - Die For Us;Singer/Songwriter;278,67
Chris Durban - Celebrate;Electronic;301,79
Clara Berry And Wooldog - Air Traffic;Singer/Songwriter;173,45
Clara Berry And Wooldog - Stella;Singer/Songwriter;195,74
Clara Berry And Wooldog - Waltz For My Victims;Singer/Songwriter;175,43
Cnoc An Tursa - Bannockburn;Heavy Metal;294,70
Creepoid - OldTree;Rock;302,21
Cristina Vane - So Easy;Pop/Rock;254,13
Dark Ride - Burning Bridges;Heavy Metal;232,85
Detsky Sad - Walkie Talkie;Pop/Rock;190,48
Dreamers Of The Ghetto - Heavy Love;Pop;294,99
Drumtracks - Ghost Bitch;Pop/Rock;357,09
Enda Reilly - Cur An Long Ag Seol;Pop/Rock;187,00
Faces On Film - Waiting For Ga;Singer/Songwriter;257,63
Fergessen - Back From The Start;Pop/Rock;168,75
Fergessen - Nos Palpitants;Pop/Rock;198,41
Fergessen - The Wind;Pop/Rock;192,00
Flags - 54;Pop/Rock;315,34
Forkupines - Semantics;Pop/Rock;273,58
Georgia Wonder - Siren;Pop/Rock;430,38
Girls Under Glass - We Feel Alright;Electronic;317,28
Giselle - Moss;Electronic;201,89
Grants - PunchDrunk;Rap;204,60
Helado Negro - Mitad Del Mundo;Pop;181,85
Hezekiah Jones - Borrowed Heart;Singer/Songwriter;241,58
Hollow Ground - Ill Fate;Heavy Metal;141,67
Hollow Ground - Left Blind;Heavy Metal;159,29
Hop Along - Sister Cities;Rock;283,42
Invisible Familiars - Disturbing Wildlife;Singer/Songwriter;218,69
James Elder & Mark M Thompson - The English Actor;Heavy Metal;205,47
James May - All Souls Moon;Pop/Rock;221,04
James May - Dont Let Go;Pop/Rock;242,14
James May - If You Say;Pop/Rock;258,50
James May - On The Line;Pop/Rock;256,27
Jay Menon - Through My Eyes;Pop/Rock;253,36
Johnny Lokke - Promises & Lies;Pop/Rock;286,00
Johnny Lokke - Whisper To A Scream;Pop/Rock;255,52
Jokers, Jacks & Kings - Sea Of Leaves;Pop/Rock;191,65
Juliet's Rescue - Heartbeats;Pop/Rock;267,65
Leaf - Come Around;Pop/Rock;264,58
Leaf - Summerghost;Pop/Rock;232,00
Leaf - Wicked;Pop/Rock;190,82
Little Chicago's Finest - My Own;Rap;281,61
Louis Cressy Band - Good Time;Pop/Rock;292,82
Lushlife - Toynbee Suite;Rap;628,56
Lyndsey Ollard - Catching Up;Pop/Rock;227,43
M.E.R.C. Music - Knockout;Rap;270,00
Matthew Entwistle - Dont You Ever;Jazz;114,02
Meaxic - Take A Step;Rock;282,71
Meaxic - You Listen;Rock;412,71
Moosmusic - Big Dummy Shake;Pop/Rock;198,86
Motor Tapes - Shore;Pop/Rock;246,72
Mu - Too Bright;Pop/Rock;272,17
Music Delta - 80s Rock;Rock;36,92
Music Delta - Beatles;Singer/Songwriter;36,37
Music Delta - Britpop;Pop;36,79
Music Delta - Country1;Country;34,74
Music Delta - Country2;Country;17,45
Music Delta - Disco;Pop;124,78
Music Delta - Gospel;Pop;75,74
Music Delta - Grunge;Rock;41,85
Music Delta - Hendrix;Rock;19,84
Music Delta - Punk;Rock;28,76
Music Delta - Reggae;Rock;17,46
Music Delta - Rock;Rock;13,09
Music Delta - Rockabilly;Rock;25,95
Nerve 9 - Pray For The Rain;Pop/Rock;343,71
Night Panther - Fire;Pop;213,00
North To Alaska - All The Same;Pop/Rock;248,14
Patrick Talbot - A Reason To Leave;Jazz;259,75
Patrick Talbot - Set Me Free;Jazz;289,98
Phre The Eon - Everybody's Falling Apart;Pop/Rock;224,42
Port St Willow - Stay Even;Singer/Songwriter;317,01
PR - Happy Daze;Electronic;162,70
PR - Oh No;Electronic;76,19
Punkdisco - Oral Hygiene;Pop/Rock;221,60
Raft Monk - Tiring;Pop/Rock;212,25
Remember December - C U Next Time;Pop/Rock;242,71
Sambasevam Shanmugam - Kaathaadi;Pop/Rock;317,88
Secret Mountains - High Horse;Pop;355,50
Secretariat - Borderline;Pop/Rock;286,85
Secretariat - Over The Top;Pop/Rock;251,10
Side Effects Project - Sing With Me;Rap;243,68
Signe Jakobsen - What Have You Done To Me;Pop/Rock;177,40
Skelpolu - Human Mistakes;Electronic;324,69
Skelpolu - Resurrection;Electronic;395,66
Skelpolu - Together Alone;Electronic;326,00
Snowmine - Curfews;Pop;275,19
Speak Softly - Broken Man;Pop/Rock;253,16
Speak Softly - Like Horses;Pop/Rock;312,67
Spike Mullings - Mike's Sulking;Pop/Rock;256,87
St Vitus - Word Gets Around;Pop/Rock;247,21
Steven Clark - Bounty;Pop;289,46
Strand Of Oaks - Spacestation;Pop;243,86
Sweet Lights - You Let Me Down;Pop;391,98
Swinging Steaks - Lost My Way;Pop/Rock;310,15
The Districts - Vermont;Rock;228,15
The Doppler Shift - Atrophy;Pop/Rock;331,44
The Easton Ellises - Falcon 69;Pop/Rock;246,99
The Easton Ellises (Baumi) - SDRNR;Pop/Rock;234,68
The Long Wait - Back Home To Blue;Pop/Rock;260,65
The Long Wait - Dark Horses;Pop/Rock;305,72
The Mountaineering Club - Mallory;Pop/Rock;244,46
The Scarlet Brand - Les Fleurs Du Mal;Rock;303,64
The So So Glos - Emergency;Rock;167,00
The Sunshine Garcia Band - For I Am The Moon;Reggae;320,30
The Wrong'Uns - Rothko;Pop/Rock;202,34
Tim Taler - Stalker;Pop/Rock;237,82
Timboz - Pony;Heavy Metal;253,05
Titanium - Haunted Age;Heavy Metal;248,29
Tom McKenzie - Directions;Pop/Rock;175,85
Traffic Experiment - Once More (With Feeling);Pop/Rock;435,26
Traffic Experiment - Sirens;Pop/Rock;421,46
Triviul - Angelsaint;Pop/Rock;236,90
Triviul - Dorothy;Pop/Rock;187,56
Triviul feat. The Fiend - Widow;Pop/Rock;235,11
Voelund - Comfort Lives In Belief;Pop/Rock;210,10
Wall Of Death - Femme;Heavy Metal;239,12
We Fell From The Sky - Not You;Heavy Metal;207,90
Young Griffo - Blood To Bone;Heavy Metal;254,58
Young Griffo - Facade;Heavy Metal;168,05
Young Griffo - Pennies;Heavy Metal;277,99
Zeno - Signs;Pop/Rock;234,38
